tweet_id,favorites,retweets
892420643555336193,36067,7678
892177421306343426,31109,5678
891815181378084864,23422,3763
891689557279858688,39343,7851
891327558926688256,37585,8449
891087950875897856,18937,2835
890971913173991426,11011,1844
890729181411237888,60749,17133
890609185150312448,26050,3901
890240255349198849,29779,6660
890006608113172480,28666,6651
889880896479866881,26075,4531
889665388333682689,44895,9085
889638837579907072,25268,4069
889531135344209921,14150,2048
889278841981685760,23548,4847
888917238123831296,27177,4083
888804989199671297,23887,3851
888554962724278272,18432,3164
888078434458587136,20349,3149
887705289381826560,28267,4897
887517139158093824,43337,10703
887473957103951883,64232,16345
887343217045368832,31454,9520
887101392804085760,28618,5419
886983233522544640,32614,6963
886736880519319552,11197,2923
886680336477933568,21000,4068
886366144734445568,19750,2879
886267009285017600,111,4
886258384151887873,26149,5739
886054160059072513,0,100
885984800019947520,30445,6103
885528943205470208,33590,5813
885518971528720385,19136,3395
885311592912609280,0,16837
885167619883638784,20454,3971
884925521741709313,72004,16438
884876753390489601,26003,5069
884562892145688576,22709,4274
884441805382717440,25321,5180
884247878851493888,67825,18469
884162670584377345,19069,2722
883838122936631299,20425,3122
883482846933004288,42810,8984
883360690899218434,21191,3362
883117836046086144,34670,6040
882992080364220416,22320,3540
882762694511734784,26419,4439
882627270321602560,26162,5526
882268110199369728,41879,10534
882045870035918850,27393,4447
881906580714921986,22757,3089
881666595344535552,47350,9711
881633300179243008,117,7
881536004380872706,46222,14524
881268444196462592,21710,4799
880935762899988482,15980,2537
880872448815771648,19897,3486
880465832366813184,26621,5655
880221127280381952,25210,3794
880095782870896641,25814,3947
879862464715927552,20922,3182
879674319642796034,295,10
879492040517615616,21953,2904
879415818425184262,98914,40477
879376492567855104,15718,2849
879130579576475649,0,6192
879050749262655488,21063,4278
879008229531029506,17791,2436
878776093423087618,18136,3726
878604707211726852,28188,6468
878404777348136964,0,1176
878316110768087041,0,6072
878281511006478336,7238,1176
878057613040115712,39392,6192
877736472329191424,74229,17279
877611172832227328,0,73
877556246731214848,21245,3470
877316821321428993,25662,4751
877201837425926144,25381,5091
876838120628539392,19383,3039
876537666061221889,22169,4280
876484053909872640,17587,2162
876120275196170240,26224,4260
875747767867523072,23583,3904
875144289856114688,20537,4483
875097192612077568,25718,5547
875021211251597312,23910,4318
874680097055178752,26090,4231
874434818259525634,0,13300
874296783580663808,24428,3761
874057562936811520,21312,3643
874012996292530176,32189,9378
873580283840344065,22741,3604
873337748698140672,0,1459
873213775632977920,6723,1459
872967104147763200,25614,4974
872820683541237760,13854,3416
872620804844003328,19490,3347
872486979161796608,38343,8306
872122724285648897,32262,7440
871879754684805121,35392,10104
871762521631449091,19034,3212
871515927908634625,19005,3205
871166179821445120,0,5267
871102520638267392,19704,5092
871032628920680449,21421,3528
870804317367881728,31725,5706
870726314365509632,114,3
870656317836468226,11644,2437
870374049280663552,78335,24474
870308999962521604,20682,3835
870063196459192321,34479,7684
869772420881756160,40206,9359
869702957897576449,26667,5838
869596645499047938,15081,2892
869227993411051520,19308,3496
868880397819494401,61876,13387
868639477480148993,0,1930
868622495443632128,25238,4913
868552278524837888,9541,1930
867900495410671616,22932,3883
867774946302451713,32173,6839
867421006826221569,15233,2315
867072653475098625,0,112
867051520902168576,30559,7337
866720684873056260,19000,4473
866686824827068416,18296,3253
866450705531457537,116051,32825
866334964761202691,49758,13300
866094527597207552,0,7824
865718153858494464,24384,5249
865359393868664832,25153,4680
865006731092295680,26646,7199
864873206498414592,30682,8130
864279568663928832,13864,2829
864197398364647424,28543,8295
863907417377173506,19620,3881
863553081350529029,14548,3926
863471782782697472,0,2281
863432100342583297,22657,4929
863427515083354112,2100,89
863079547188785154,8369,1040
863062471531167744,8058,2281
862831371563274240,18303,4841
862722525377298433,16324,3321
862457590147678208,19513,4637
862096992088072192,70819,21766
861383897657036800,34451,10080
861288531465048066,16402,3901
861005113778896900,15945,3595
860981674716409858,0,2022
860924035999428608,0,753
860563773140209665,7159,2022
860524505164394496,22628,5011
860276583193509888,17580,3315
860184849394610176,15964,5522
860177593139703809,0,29247
859924526012018688,18763,3878
859851578198683649,14785,3321
859607811541651456,17850,1484
859196978902773760,86188,28563
859074603037188101,32443,12928
858860390427611136,0,7692
858843525470990336,14980,3308
858471635011153920,20680,4618
858107933456039936,15152,2759
857989990357356544,15482,2474
857746408056729600,32971,10120
857393404942143489,5666,1568
857263160327368704,19320,4308
857214891891077121,215,17
857062103051644929,0,162
857029823797047296,18171,3798
856543823941562368,15760,2760
856526610513747968,11459,1796
856330835276025856,0,640
856288084350160898,497,15
856282028240666624,26815,6026
855862651834028034,326,25
855860136149123072,4751,936
855857698524602368,11497,2023
855851453814013952,44287,17296
855818117272018944,25820,5211
855459453768019968,28890,7898
855245323840757760,0,5729
855138241867124737,0,43
854732716440526848,22092,5843
854482394044301312,28449,6618
854365224396361728,18359,4524
854120357044912130,31115,7197
854010172552949760,15787,3047
853760880890318849,27809,5551
853639147608842240,33756,9713
853299958564483072,15102,3448
852936405516943360,0,1934
852912242202992640,8804,1756
852672615818899456,14542,2096
852553447878664193,15905,3372
852311364735569921,32384,9658
852226086759018497,19535,6655
852189679701164033,11195,1548
851861385021730816,0,19
851591660324737024,15921,3385
851464819735769094,23746,6873
851224888060895234,20260,5595
850753642995093505,30196,8897
850380195714523136,12849,2548
850333567704068097,3392,320
850145622816686080,16025,3702
850019790995546112,20027,4761
849776966551130114,29875,7420
849668094696017920,0,4849
849412302885593088,15585,3087
849336543269576704,11228,1861
849051919805034497,41637,8293
848690551926992896,24776,4235
848324959059550208,24289,4530
848213670039564288,8050,714
848212111729840128,16055,2976
847978865427394560,0,3198
847971574464610304,0,424
847962785489326080,23158,4981
847842811428974592,5347,1303
847617282490613760,6884,406
847606175596138505,18515,3371
847251039262605312,20231,4245
847157206088847362,19620,5756
847116187444137987,21188,3126
846874817362120707,19825,3866
846514051647705089,44031,11360
846505985330044928,13931,3026
846153765933735936,31201,8896
846139713627017216,30676,9865
846042936437604353,15793,2821
845812042753855489,28888,8563
845677943972139009,24908,4729
845397057150107648,7546,1777
845306882940190720,23090,5320
845098359547420673,0,7539
844979544864018432,13497,2521
844973813909606400,14918,3146
844580511645339650,16321,3081
844223788422217728,13527,2169
843981021012017153,15049,2910
843856843873095681,21263,4567
843604394117681152,16732,2710
843235543001513987,21336,5959
842846295480000512,15164,3597
842765311967449089,6674,1266
842535590457499648,17972,3472
842163532590374912,24248,5729
842115215311396866,13876,3005
841833993020538882,0,14915
841680585030541313,25552,7744
841439858740625411,12554,3658
841320156043304961,19670,5458
841314665196081154,15739,4613
841077006473256960,22720,5267
840761248237133825,0,1753
840728873075638272,0,15997
840698636975636481,174,2
840696689258311684,12217,966
840632337062862849,8944,1753
840370681858686976,16371,4507
840268004936019968,19160,5682
839990271299457024,13351,2259
839549326359670784,27351,7692
839290600511926273,0,143
839239871831150596,26997,6488
838952994649550848,19575,3983
838921590096166913,11106,2050
838916489579200512,0,35
838831947270979586,0,10944
838561493054533637,10910,1328
838476387338051585,22426,4755
838201503651401729,0,10005
838150277551247360,1668,331
838085839343206401,138,1
838083903487373313,17563,3126
837820167694528512,34003,7824
837482249356513284,3840,442
837471256429613056,12769,2266
837110210464448512,16029,2357
836989968035819520,12748,2289
836753516572119041,19285,4630
836677758902222849,12586,2220
836648853927522308,0,555
836397794269200385,0,27423
836380477523124226,14734,2985
836260088725786625,21283,4298
836001077879255040,19064,4245
835685285446955009,0,8116
835574547218894849,17773,3616
835536468978302976,0,1695
835309094223372289,0,20898
835297930240217089,16464,3011
835264098648616962,7733,1695
835246439529840640,2099,73
835172783151792128,26158,5759
835152434251116546,22389,3016
834931633769889797,10800,1645
834786237630337024,21358,5491
834574053763584002,13649,2538
834477809192075265,0,10642
834458053273591808,9595,1684
834209720923721728,20584,4754
834167344700198914,15831,3657
834089966724603904,10056,2139
834086379323871233,13076,2212
833863086058651648,13454,2413
833826103416520705,18079,3777
833732339549220864,0,221
833722901757046785,20829,3220
833479644947025920,14865,2056
833124694597443584,20227,4849
832998151111966721,13259,2205
832769181346996225,0,39
832757312314028032,16888,3627
832682457690300417,11897,2920
832645525019123713,2929,532
832636094638288896,15870,2790
832397543355072512,11985,2223
832369877331693569,17213,3198
832273440279240704,11371,2344
832215909146226688,0,6220
832215726631055365,0,9348
832088576586297345,62,2
832040443403784192,0,9649
832032802820481025,17908,4670
831939777352105988,24042,6152
831926988323639298,336,34
831911600680497154,27672,6528
831670449226514432,10463,1824
831650051525054464,7154,1934
831552930092285952,8999,2322
831322785565769729,9287,1556
831315979191906304,6551,1130
831309418084069378,11786,2474
831262627380748289,11936,2055
830956169170665475,7986,1506
830583320585068544,67029,16837
830173239259324417,0,5705
830097400375152640,9821,2960
829878982036299777,0,5036
829861396166877184,12273,1955
829501995190984704,31865,10642
829449946868879360,10502,2033
829141528400556032,24482,7376
829011960981237760,53317,16368
828801551087042563,0,3437
828770345708580865,25663,5893
828708714936930305,36647,11229
828650029636317184,9539,1357
828409743546925057,6369,1171
828408677031882754,7704,1300
828381636999917570,12629,2227
828376505180889089,7408,1077
828372645993398273,12609,2956
828361771580813312,2202,173
828046555563323392,11788,2887
828011680017821696,10396,2162
827933404142436356,20193,5284
827653905312006145,15570,3034
827600520311402496,7485,951
827324948884643840,15932,3068
827199976799354881,10618,2232
826958653328592898,21671,5036
826848821049180160,36542,10235
826615380357632002,0,4012
826598799820865537,5140,253
826598365270007810,10103,2361
826476773533745153,18502,4223
826240494070030336,13376,2626
826204788643753985,4904,930
826115272272650244,15740,3153
825876512159186944,10547,1887
825829644528148480,12816,2508
825535076884762624,57171,17665
825147591692263424,18423,4587
825120256414846976,0,1269
825026590719483904,6350,1269
824796380199809024,0,5539
824775126675836928,15012,3547
824663926340194305,10588,1788
824325613288833024,11914,10600
824297048279236611,15159,3900
824025158776213504,4864,603
823939628516474880,10697,2732
823719002937630720,0,11299
823699002998870016,14088,2546
823581115634085888,13125,2645
823333489516937216,707,25
823322678127919110,15851,4073
823269594223824897,0,9979
822975315408461824,17443,3481
822872901745569793,132594,43632
822859134160621569,13375,2305
822647212903690241,0,6474
822610361945911296,14930,2990
822489057087389700,18302,6474
822462944365645825,28264,14461
822244816520155136,35239,9979
822163064745328640,0,4829
821886076407029760,11405,2336
821813639212650496,0,3390
821765923262631936,8484,1676
821522889702862852,8090,1784
821421320206483457,0,5651
821407182352777218,11886,4382
821153421864615936,259,10
821149554670182400,8729,2016
821107785811234820,9685,2161
821044531881721856,12775,2309
820837357901512704,0,6807
820749716845686786,31839,10005
820690176645140481,12319,3268
820494788566847489,0,569
820446719150292993,0,2598
820314633777061888,3375,569
820078625395449857,19999,6369
820013781606658049,0,1189
819952236453363712,5382,1189
819924195358416896,13033,4928
819711362133872643,13506,3152
819588359383371776,9738,2012
819347104292290561,7289,1223
819238181065359361,2294,411
819227688460238848,23294,6807
819015337530290176,0,37292
819015331746349057,0,19180
819006400881917954,45769,19180
819004803107983360,87835,37292
818646164899774465,0,21282
818627210458333184,22644,7640
818614493328580609,9952,2604
818588835076603904,0,6233
818536468981415936,11021,2492
818307523543449600,0,8206
818259473185828864,11149,2298
818145370475810820,12411,2608
817908911860748288,4908,815
817827839487737858,52246,27423
817777686764523521,10872,2729
817536400337801217,11907,3011
817502432452313088,0,3442
817423860136083457,34232,14915
817415592588222464,5664,964
817181837579653120,0,8577
817171292965273600,8875,2053
817120970343411712,12355,2639
817056546584727552,8702,1669
816829038950027264,0,4777
816816676327063552,10133,2072
816697700272001025,9914,2225
816450570814898180,30813,8206
816336735214911488,8703,1973
816091915477250048,9038,2176
816062466425819140,0,1038
816014286006976512,0,5354
815990720817401858,5008,1038
815966073409433600,22705,8577
815745968457060357,0,4201
815736392542261248,9973,2295
815639385530101762,8333,1674
815390420867969024,10498,3858
814986499976527872,7750,1297
814638523311648768,11417,2738
814578408554463233,0,5932
814530161257443328,8764,1896
814153002265309185,29116,8815
813944609378369540,0,3236
813910438903693312,9413,1895
813812741911748608,36929,14201
813800681631023104,8420,1793
813217897535406080,18892,7421
813202720496779264,9371,1840
813187593374461952,20155,4439
813172488309972993,9410,1958
813157409116065792,7873,2246
813142292504645637,8591,2423
813130366689148928,4533,455
813127251579564032,12013,3187
813112105746448384,10452,2792
813096984823349248,10718,3682
813081950185472002,10027,2827
813066809284972545,8063,1991
813051746834595840,21273,7494
812781120811126785,7686,1942
812709060537683968,6721,1456
812503143955202048,6168,1239
812466873996607488,8078,1965
812372279581671427,13852,3728
811985624773361665,7366,1429
811744202451197953,7656,1630
811647686436880384,5694,757
811627233043480576,12964,3140
811386762094317568,21237,6496
810984652412424192,5418,1464
810896069567610880,9150,1805
810657578271330305,11127,2699
810284430598270976,35803,11509
810254108431155201,14935,3437
809920764300447744,15773,4012
809808892968534016,0,4989
809448704142938112,7040,1495
809220051211603969,20234,5705
809084759137812480,13441,3593
808838249661788160,10267,3102
808733504066486276,8026,2204
808501579447930884,11482,2657
808344865868283904,43247,21282
808134635716833280,0,6053
808106460588765185,8921,2245
808001312164028416,12729,3602
807621403335917568,14815,3690
807106840509214720,120177,56477
807059379405148160,0,7489
807010152071229440,13291,3939
806629075125202948,75934,35329
806620845233815552,0,5635
806576416489959424,4967,1983
806542213899489280,10374,2400
806242860592926720,0,11864
806219024703037440,6526,1217
805958939288408065,0,5473
805932879469572096,8403,1954
805826884734976000,6679,1865
805823200554876929,0,8190
805520635690676224,5837,1687
805487436403003392,8934,2568
805207613751304193,7960,1753
804738756058218496,13914,3891
804475857670639616,6236,2053
804413760345620481,0,3302
804026241225523202,45218,16479
803773340896923648,10215,2799
803692223237865472,0,7569
803638050916102144,11115,4220
803380650405482500,7902,1898
803321560782307329,0,5434
803276597545603072,10185,2507
802952499103731712,9152,2049
802624713319034886,0,2972
802600418706604034,7220,1498
802572683846291456,9072,2565
802323869084381190,16477,5944
802265048156610565,6881,1403
802239329049477120,9226,2678
802185808107208704,0,278
801958328846974976,7873,1749
801854953262350336,1808,243
801538201127157760,8355,2110
801285448605831168,6153,838
801167903437357056,24894,6053
801127390143516673,0,4026
801115127852503040,8204,2146
800859414831898624,696,98
800855607700029440,0,1640
800751577355128832,10734,2854
800513324630806528,13355,3043
800459316964663297,9662,2218
800443802682937345,0,4410
800388270626521089,11329,2867
800188575492947969,0,4020
800141422401830912,15536,2598
800018252395122689,28842,13436
799774291445383169,0,4791
799757965289017345,8532,2209
799422933579902976,8194,1965
799308762079035393,0,5589
799297110730567681,10048,2816
799063482566066176,8195,2512
798933969379225600,13302,4561
798925684722855936,7621,1471
798705661114773508,0,6775
798701998996647937,0,7947
798697898615730177,0,6638
798694562394996736,0,5059
798686750113755136,0,2382
798682547630837760,0,4808
798673117451325440,0,5659
798665375516884993,0,3989
798644042770751489,0,1888
798628517273620480,0,2016
798585098161549313,0,5832
798576900688019456,0,5966
798340744599797760,0,3416
798209839306514432,10594,2613
797971864723324932,11792,3173
797545162159308800,14790,4963
797236660651966464,20280,6722
797165961484890113,227,26
796904159865868288,0,9101
796865951799083009,7816,1954
796759840936919040,12030,3098
796563435802726400,0,7420
796484825502875648,7702,1797
796387464403357696,11184,4237
796177847564038144,0,14564
796149749086875649,32775,14564
796125600683540480,5044,1846
796116448414461957,9253,2467
796080075804475393,8597,2357
796031486298386433,10984,3785
795464331001561088,50440,24125
795400264262053889,10233,2938
795076730285391872,16465,5539
794983741416415232,0,3441
794926597468000259,10414,2356
794355576146903043,0,10514
794332329137291264,9734,2731
794205286408003585,9378,3386
793962221541933056,17106,4989
793845145112371200,9378,1907
793614319594401792,0,3201
793601777308463104,8115,1658
793500921481273345,10848,2424
793286476301799424,24993,9348
793271401113350145,8840,2437
793256262322548741,20302,8514
793241302385262592,10690,3366
793226087023144960,10001,2930
793210959003287553,9083,2851
793195938047070209,15548,5737
793180763617361921,7057,2041
793165685325201412,9565,2846
793150605191548928,6279,1737
793135492858580992,6540,2548
793120401413079041,12884,3998
792913359805018113,14563,4053
792883833364439040,11494,4356
792773781206999040,7479,1707
792394556390137856,13673,4379
792050063153438720,7264,1840
791821351946420224,0,21491
791784077045166082,0,9780
791780927877898241,0,3895
791774931465953280,45866,22633
791672322847637504,11936,3201
791406955684368384,13346,4201
791312159183634433,8935,2589
791026214425268224,0,4181
790987426131050500,9981,2176
790946055508652032,16914,4777
790723298204217344,0,2355
790698755171364864,8352,1965
790581949425475584,20983,7296
790337589677002753,7950,1915
790277117346975746,12762,3236
790227638568808452,0,3639
789986466051088384,9407,2355
789960241177853952,0,4197
789903600034189313,10510,4216
789628658055020548,7612,1802
789599242079838210,6876,1964
789530877013393408,11913,3441
789314372632018944,8790,2335
789280767834746880,0,5034
789268448748703744,9243,2653
789137962068021249,9866,2851
788908386943430656,27845,12711
788765914992902144,27777,10514
788552643979468800,0,7311
788412144018661376,15775,5370
788178268662984705,7335,2136
788150585577050112,6220,1311
788070120937619456,0,3496
788039637453406209,6228,1349
787810552592695296,8773,3103
787717603741622272,10418,2829
787397959788929025,11057,2894
787322443945877504,7895,1773
787111942498508800,0,6866
786963064373534720,27022,8116
786729988674449408,0,2466
786709082849828864,18516,6220
786664955043049472,10755,2605
786595970293370880,9574,3171
786363235746385920,11043,3569
786286427768250368,8087,2894
786233965241827333,15483,4829
786051337297522688,1443,157
786036967502913536,0,7141
785927819176054784,11554,3241
785872687017132033,6788,1846
785639753186217984,7949,2270
785533386513321988,9238,2031
785515384317313025,6197,1281
785264754247995392,7357,1668
785170936622350336,12194,4913
784826020293709826,10250,3302
784517518371221505,9091,2582
784431430411685888,5771,1289
784183165795655680,20359,8190
784057939640352768,30166,11299
783839966405230592,30436,10944
783821107061198850,7454,2002
783695101801398276,10597,3270
783466772167098368,8570,2283
783391753726550016,17099,5565
783347506784731136,0,5636
783334639985389568,29522,11864
783085703974514689,8253,2233
782969140009107456,24423,7489
782747134529531904,7565,1433
782722598790725632,17487,5473
782598640137187329,7897,1899
782305867769217024,16865,5651
782021823840026624,0,6294
781955203444699136,11262,3417
781661882474196992,10555,2759
781655249211752448,4036,1143
781524693396357120,20981,5635
781308096455073793,7222,2584
781251288990355457,8538,2108
781163403222056960,9920,2778
780931614150983680,21897,7420
780858289093574656,7270,2041
780800785462489090,5554,1320
780601303617732608,12254,3390
780543529827336192,6377,1765
780496263422808064,0,3745
780476555013349377,0,115
780459368902959104,5352,1091
780192070812196864,8805,2274
780092040432480260,0,2331
780074436359819264,12303,5045
779834332596887552,19115,7141
779377524342161408,8895,3149
779124354206535695,0,18544
779056095788752897,14914,4594
778990705243029504,20192,7291
778774459159379968,0,10012
778764940568104960,876,366
778748913645780993,6956,1326
778650543019483137,5835,1525
778624900596654080,4683,1018
778408200802557953,13749,4379
778396591732486144,0,12394
778383385161035776,5898,1117
778286810187399168,10470,3335
778039087836069888,8597,2679
778027034220126208,6616,1634
777953400541634568,0,3565
777885040357281792,6401,1647
777684233540206592,11332,2972
777641927919427584,0,4282
777621514455814149,8826,2527
777189768882946048,14409,4351
776819012571455488,0,13852
776813020089548800,4928,1223
776477788987613185,8901,2813
776249906839351296,0,9232
776218204058357768,30167,16036
776201521193218049,9705,2538
776113305656188928,11863,4410
776088319444877312,1856,153
775898661951791106,0,16703
775842724423557120,11813,2684
775733305207554048,13985,4026
775729183532220416,13100,4647
775364825476165632,7455,3000
775350846108426240,10260,3944
775085132600442880,15680,4791
774757898236878852,8675,1803
774639387460112384,6780,1752
774314403806253056,21955,5589
773985732834758656,10815,3910
773922284943896577,6448,1764
773704687002451968,6656,1645
773670353721753600,5387,1324
773547596996571136,22283,6233
773336787167145985,0,5127
773308824254029826,23490,7539
773247561583001600,9531,3284
773191612633579521,10073,4181
772877495989305348,8625,3914
772826264096874500,8127,2370
772615324260794368,0,3418
772581559778025472,6554,1712
772193107915964416,6095,1405
772152991789019136,3831,1141
772117678702071809,3804,748
772114945936949249,2743,471
772102971039580160,4029,949
771908950375665664,6641,1925
771770456517009408,12098,3416
771500966810099713,8312,2631
771380798096281600,10537,5127
771171053431250945,0,7531
771136648247640064,9209,2955
771102124360998913,6277,1454
771014301343748096,6922,1671
770787852854652928,4958,1209
770772759874076672,5204,1427
770655142660169732,7384,1782
770414278348247044,6369,2120
770293558247038976,6284,1493
770093767776997377,0,3080
770069151037685760,7638,2317
769940425801170949,31556,9649
769695466921623552,6448,1695
769335591808995329,0,7789
769212283578875904,5426,1738
768970937022709760,14438,6567
768909767477751808,0,2699
768855141948723200,4226,897
768609597686943744,4148,1214
768596291618299904,5066,1292
768554158521745409,0,5891
768473857036525572,13697,3462
768193404517830656,10920,3565
767884188863397888,4763,1391
767754930266464257,16092,5434
767500508068192258,7541,2360
767191397493538821,12368,3786
767122157629476866,10221,2876
766864461642756096,0,5676
766793450729734144,5090,1365
766714921925144576,2623,380
766693177336135680,4032,803
766423258543644672,6024,1603
766313316352462849,6825,1903
766078092750233600,0,2645
766069199026450432,4243,856
766008592277377025,3760,502
765719909049503744,7263,2165
765669560888528897,5209,1232
765395769549590528,26729,3406
765371061932261376,7098,2183
765222098633691136,11678,3418
764857477905154048,6480,1788
764259802650378240,6040,1507
763956972077010945,762,55
763837565564780549,12636,4181
763183847194451968,5406,1478
763167063695355904,0,3041
763103485927849985,7383,2306
762699858130116608,12190,3639
762471784394268675,11251,6445
762464539388485633,10337,4197
762316489655476224,4815,1127
762035686371364864,31985,15618
761976711479193600,5416,2020
761750502866649088,0,3940
761745352076779520,4285,867
761672994376806400,49675,29247
761599872357261312,4133,1194
761371037149827077,0,18136
761334018830917632,5207,1459
761292947749015552,4502,1089
761227390836215808,5339,1573
761004547850530816,11353,3496
760893934457552897,3821,983
760656994973933572,6596,1920
760641137271070720,4994,1306
760539183865880579,7577,3636
760521673607086080,4230,1389
760290219849637889,26876,11536
760252756032651264,3950,869
760190180481531904,5710,1814
760153949710192640,0,31
759943073749200896,5961,2088
759923798737051648,14706,5676
759846353224826880,6744,1980
759793422261743616,5970,1921
759557299618865152,4712,1189
759447681597108224,8506,2466
759446261539934208,1673,491
759197388317847553,6084,1952
759159934323924993,0,1159
759099523532779520,14548,4185
759047813560868866,6499,2025
758854675097526272,3552,899
758828659922702336,11231,3847
758740312047005698,5745,1616
758474966123810816,3811,1004
758467244762497024,4796,2221
758405701903519748,5217,1916
758355060040593408,3398,1076
758099635764359168,19101,10012
758041019896193024,2706,375
757741869644341248,6879,3261
757729163776290825,0,7952
757725642876129280,4544,1216
757611664640446465,4571,1111
757597904299253760,0,301
757596066325864448,4339,1060
757400162377592832,15167,6871
757393109802180609,5824,1743
757354760399941633,4524,1424
756998049151549440,6293,1990
756939218950160384,6655,2015
756651752796094464,5060,1306
756526248105566208,10422,3595
756303284449767430,3935,1097
756288534030475264,44053,17743
756275833623502848,6423,1535
755955933503782912,7329,2891
755206590534418437,16442,5376
755110668769038337,21205,11111
754874841593970688,0,7924
754856583969079297,6904,2531
754747087846248448,2589,522
754482103782404096,5291,1956
754449512966619136,3755,734
754120377874386944,7889,2360
753655901052166144,5844,2172
753420520834629632,7918,3574
753398408988139520,5756,1903
753375668877008896,7644,2331
753298634498793472,0,5704
753294487569522689,3368,1043
753039830821511168,37121,20898
753026973505581056,3921,966
752932432744185856,12637,6866
752917284578922496,6932,1583
752701944171524096,0,2873
752682090207055872,6006,1594
752660715232722944,4372,1555
752568224206688256,5505,2285
752519690950500352,7369,3436
752334515931054080,3818,1094
752309394570878976,0,16239
752173152931807232,5961,1840
751950017322246144,3056,918
751937170840121344,5187,1335
751830394383790080,5810,1946
751793661361422336,5827,2900
751598357617971201,7912,3044
751583847268179968,4392,1101
751538714308972544,5035,1262
751456908746354688,3216,1002
751251247299190784,12504,5881
751205363882532864,6316,1812
751132876104687617,5064,1294
750868782890057730,4784,1362
750719632563142656,13168,5034
750506206503038976,4435,1140
750429297815552001,13147,4282
750383411068534784,4558,1153
750381685133418496,693,27
750147208377409536,3100,960
750132105863102464,3606,1293
750117059602808832,4324,1310
750101899009982464,3039,843
750086836815486976,2166,531
750071704093859840,7827,3336
750056684286914561,3154,895
750041628174217216,3178,616
750026558547456000,2719,791
750011400160841729,3242,908
749996283729883136,3064,817
749981277374128128,5114,2464
749774190421639168,4658,1312
749417653287129088,6107,1637
749403093750648834,2618,533
749395845976588288,8546,3429
749317047558017024,5496,2231
749075273010798592,5741,2069
749064354620928000,4794,1520
749036806121881602,3086,791
748977405889503236,10751,3391
748932637671223296,5804,2249
748705597323898880,2774,946
748699167502000129,4737,1583
748692773788876800,4236,1328
748575535303884801,6049,1969
748568946752774144,2194,668
748346686624440324,5196,1223
748337862848962560,7617,4100
748324050481647620,3672,754
748307329658011649,3663,707
748220828303695873,14093,7772
747963614829678593,5755,2135
747933425676525569,6577,2534
747885874273214464,2935,971
747844099428986880,2812,747
747816857231626240,4832,1159
747651430853525504,1379,153
747648653817413632,12851,5830
747600769478692864,2318,555
747594051852075008,3660,1054
747512671126323200,5516,1606
747461612269887489,3850,1037
747439450712596480,5400,1908
747242308580548608,0,2892
747219827526344708,5244,1562
747204161125646336,3362,918
747103485104099331,9527,3950
746906459439529985,2884,295
746872823977771008,5957,2121
746818907684614144,5299,1729
746790600704425984,4849,1596
746757706116112384,9543,3895
746726898085036033,6023,1790
746542875601690625,5016,1869
746521445350707200,0,979
746507379341139972,4629,1078
746369468511756288,6161,1619
746131877086527488,6881,2193
746056683365994496,3532,807
745789745784041472,4007,1060
745712589599014916,6972,2318
745433870967832576,7051,2524
745422732645535745,8532,2426
745314880350101504,7144,2735
745074613265149952,7800,3482
745057283344719872,7227,2249
744995568523612160,2955,615
744971049620602880,7836,2672
744709971296780288,5580,1557
744334592493166593,6749,2097
744234799360020481,155584,77509
744223424764059648,1653,360
743980027717509120,4148,1087
743895849529389061,3628,956
743835915802583040,0,2061
743609206067040256,4444,1378
743595368194129920,18290,6497
743545585370791937,3513,936
743510151680958465,7883,3714
743253157753532416,4206,1219
743222593470234624,6171,1900
743210557239623680,3818,1354
742534281772302336,7029,3554
742528092657332225,4393,1962
742465774154047488,7220,3889
742423170473463808,9761,3745
742385895052087300,6769,1954
742161199639494656,4313,1358
742150209887731712,5092,1537
741793263812808706,4513,1501
741743634094141440,8125,2737
741438259667034112,3655,826
741303864243200000,8730,3182
741099773336379392,9915,5483
741067306818797568,9439,3080
740995100998766593,6318,2719
740711788199743490,3380,930
740699697422163968,2830,776
740676976021798912,18055,6775
740373189193256964,34780,13240
740365076218183684,2444,427
740359016048689152,3272,861
740214038584557568,6648,1951
739979191639244800,19831,5891
739932936087216128,4024,1066
739844404073074688,3775,851
739623569819336705,3745,1342
739606147276148736,5347,1643
739544079319588864,39237,21096
739485634323156992,7102,2909
739238157791694849,114972,57503
738891149612572673,111,6
738885046782832640,3746,1132
738883359779196928,3273,787
738537504001953792,5048,1531
738402415918125056,3223,825
738184450748633089,4282,1201
738166403467907072,8694,3327
738156290900254721,2486,635
737826014890496000,5229,1754
737800304142471168,9909,3432
737678689543020544,5002,1300
737445876994609152,10175,4425
737322739594330112,3572,807
737310737551491075,14534,7354
736736130620620800,4216,1710
736392552031657984,17538,7311
736365877722001409,3931,1235
736225175608430592,8053,2753
736010884653420544,7821,2963
735991953473572864,3571,1140
735648611367784448,3996,1092
735635087207878657,6104,2330
735274964362878976,12895,4990
735256018284875776,3298,873
735137028879360001,3101,963
734912297295085568,2729,522
734787690684657664,12408,6227
734776360183431168,2473,535
734559631394082816,1470,392
733828123016450049,3541,774
733822306246479872,3636,1014
733482008106668032,3111,944
733460102733135873,4152,1270
733109485275860992,49755,16703
732732193018155009,2411,530
732726085725589504,3515,880
732585889486888962,3628,771
732375214819057664,7999,2488
732005617171337216,14746,5354
731285275100512256,3453,981
731156023742988288,3806,1253
730924654643314689,6085,1951
730573383004487680,4851,2110
730427201120833536,3448,1041
730211855403241472,3773,1051
730196704625098752,4791,1878
729854734790754305,3991,1114
729838605770891264,1707,380
729823566028484608,3931,1233
729463711119904772,5736,2291
729113531270991872,1857,321
728986383096946689,3107,815
728760639972315136,4626,1685
728751179681943552,2727,670
728653952833728512,3273,1023
728409960103686147,4863,1979
728387165835677696,3654,950
728046963732717569,4250,1185
728035342121635841,4513,1649
728015554473250816,4064,1096
727685679342333952,2929,634
727644517743104000,5812,1731
727524757080539137,4428,1205
727314416056803329,3301,732
727286334147182592,3015,802
727175381690781696,3863,1369
727155742655025152,3579,1314
726935089318363137,6790,2425
726887082820554753,3794,1505
726828223124897792,3527,992
726224900189511680,4377,1131
725842289046749185,7000,2645
725786712245440512,4120,1358
725729321944506368,5142,1767
725458796924002305,1396,609
724983749226668032,3689,1299
724771698126512129,2322,628
724405726123311104,5224,1632
724049859469295616,4274,1755
724046343203856385,2628,548
724004602748780546,4130,1535
723912936180330496,3844,1225
723688335806480385,7580,2907
723673163800948736,2976,877
723179728551723008,5245,1845
722974582966214656,4052,1543
722613351520608256,4905,1620
721503162398597120,4567,1824
721001180231503872,2496,605
720785406564900865,3079,759
720775346191278080,2432,657
720415127506415616,4077,1483
720389942216527872,6295,2476
720340705894408192,2831,967
720059472081784833,3817,1108
720043174954147842,4847,1982
719991154352222208,4782,1723
719704490224398336,4483,1413
719551379208073216,4990,1881
719367763014393856,2763,734
719339463458033665,4375,1216
719332531645071360,3387,939
718971898235854848,3440,1064
718939241951195136,5189,1740
718631497683582976,18652,7947
718613305783398402,2407,475
718540630683709445,2422,1004
718460005985447936,2665,520
718454725339934721,4805,1494
718246886998687744,1891,499
718234618122661888,3823,984
717841801130979328,2422,598
717790033953034240,2844,1098
717537687239008257,5718,1835
717428917016076293,1592,443
717421804990701568,3126,834
717047459982213120,6219,1911
717009362452090881,3208,951
716802964044845056,4235,1159
716791146589110272,8060,1559
716730379797970944,1218,423
716447146686459905,12905,5792
716439118184652801,2352,206
716285507865542656,2738,1046
716080869887381504,6672,1877
715928423106027520,3156,868
715758151270801409,3674,1419
715733265223708672,4606,1669
715704790270025728,2762,560
715696743237730304,3864,1277
715680795826982913,4253,1596
715360349751484417,5414,1548
715342466308784130,3009,686
715220193576927233,2396,640
715200624753819648,5075,1865
715009755312439296,4104,1216
714982300363173890,3690,1020
714962719905021952,7265,4211
714957620017307648,4083,1398
714631576617938945,3236,987
714606013974974464,3591,919
714485234495041536,2653,1117
714258258790387713,2995,713
714251586676113411,3239,826
714214115368108032,2241,861
714141408463036416,4274,1381
713919462244790272,3256,782
713909862279876608,1876,531
713900603437621249,2802,734
713761197720473600,4812,1362
713411074226274305,4397,1284
713177543487135744,7145,2803
713175907180089344,4408,1459
712809025985978368,18358,6638
712717840512598017,12212,4923
712668654853337088,4138,1203
712438159032893441,5269,1546
712309440758808576,241,25
712097430750289920,3737,1019
712092745624633345,2913,877
712085617388212225,3237,481
712065007010385924,2245,613
711998809858043904,0,125
711968124745228288,7973,2276
711743778164514816,2806,974
711732680602345472,8743,4072
711694788429553666,32532,18136
711652651650457602,3811,904
711363825979756544,3607,1125
711306686208872448,3267,731
711008018775851008,2965,605
710997087345876993,4521,1374
710844581445812225,2516,682
710833117892898816,2659,526
710658690886586372,2287,554
710609963652087808,4750,2356
710588934686908417,4487,1847
710296729921429505,2351,729
710283270106132480,2126,517
710272297844797440,4488,1238
710269109699739648,2373,1112
710153181850935296,2874,878
710140971284037632,2727,870
710117014656950272,5430,1971
709918798883774466,3447,1076
709901256215666688,659,99
709852847387627521,3484,1191
709566166965075968,3512,1197
709556954897764353,3259,1063
709519240576036864,1478,235
709449600415961088,2202,563
709409458133323776,2596,675
709225125749587968,2390,568
709207347839836162,12409,5741
709198395643068416,2409,637
709179584944730112,1983,664
709158332880297985,2012,411
709042156699303936,4698,1611
708853462201716736,1783,653
708845821941387268,2954,893
708834316713893888,1666,495
708810915978854401,16314,6858
708738143638450176,2723,801
708711088997666817,2509,711
708479650088034305,2518,674
708469915515297792,3070,805
708400866336894977,15815,9952
708356463048204288,3551,1305
708349470027751425,2319,730
708149363256774660,4238,1538
708130923141795840,3347,844
708119489313951744,2661,974
708109389455101952,1926,545
708026248782585858,4347,1911
707995814724026368,3098,1115
707983188426153984,50,2
707969809498152960,2679,956
707776935007539200,3245,949
707741517457260545,2462,610
707738799544082433,4040,2435
707693576495472641,3366,981
707629649552134146,2547,867
707610948723478529,16826,6294
707420581654872064,2251,691
707411934438625280,2283,593
707387676719185920,3463,1276
707377100785885184,3243,1081
707315916783140866,2453,632
707297311098011648,2745,778
707059547140169728,2571,666
707038192327901184,2166,784
707021089608753152,4047,1345
707014260413456384,2296,596
706904523814649856,14458,7789
706901761596989440,2036,589
706681918348251136,3273,964
706644897839910912,2551,1080
706593038911545345,2133,629
706538006853918722,3448,1415
706516534877929472,3092,1024
706346369204748288,3418,914
706310011488698368,21104,7852
706291001778950144,1684,474
706265994973601792,2710,926
706169069255446529,3871,2191
706166467411222528,5122,1587
706153300320784384,1473,382
705975130514706432,3082,724
705970349788291072,3145,884
705898680587526145,2344,544
705786532653883392,1915,513
705591895322394625,3137,1144
705475953783398401,2932,903
705442520700944385,4390,1609
705428427625635840,3780,1666
705239209544720384,2979,745
705223444686888960,2569,794
705102439679201280,2123,513
705066031337840642,2165,615
704871453724954624,4230,1107
704859558691414016,2232,535
704847917308362754,5025,1512
704819833553219584,2618,977
704761120771465216,6584,2892
704499785726889984,2890,1007
704491224099647488,747,78
704480331685040129,3357,1059
704364645503647744,7922,3521
704347321748819968,1566,347
704134088924532736,1492,456
704113298707505153,1835,567
704054845121142784,2895,907
703774238772166656,1829,456
703769065844768768,3248,1134
703631701117943808,2560,677
703611486317502464,3812,1517
703425003149250560,3780,1357
703407252292673536,2423,691
703382836347330562,3485,1135
703356393781329922,1909,382
703268521220972544,1961,546
703079050210877440,7331,3055
703041949650034688,26127,12394
702932127499816960,2558,723
702899151802126337,1599,450
702684942141153280,3200,1069
702671118226825216,2181,552
702598099714314240,12140,3405
702539513671897089,2862,951
702332542343577600,3152,1536
702321140488925184,3254,1033
702276748847800320,2445,761
702217446468493312,4727,1325
701981390485725185,3424,986
701952816642965504,3816,1018
701889187134500865,3508,1377
701805642395348998,3385,1663
701601587219795968,2075,446
701570477911896070,2790,919
701545186879471618,2636,604
701214700881756160,12106,5059
700890391244103680,2199,561
700864154249383937,2575,615
700847567345688576,2438,501
700796979434098688,2420,933
700747788515020802,22639,9232
700518061187723268,2588,790
700505138482569216,2269,563
700462010979500032,4095,1773
700167517596164096,2608,728
700151421916807169,2219,668
700143752053182464,7468,2699
700062718104104960,2630,686
700029284593901568,2055,582
700002074055016451,3294,1328
699801817392291840,3034,944
699788877217865730,2211,506
699779630832685056,2718,1221
699775878809702401,1945,602
699691744225525762,10199,4577
699446877801091073,5909,2594
699434518667751424,2146,511
699423671849451520,1350,321
699413908797464576,2065,621
699370870310113280,1872,439
699323444782047232,3126,856
699088579889332224,2226,628
699079609774645248,2431,648
699072405256409088,2950,1185
699060279947165696,3717,1784
699036661657767936,2583,1189
698989035503689728,3319,969
698953797952008193,2657,892
698907974262222848,2519,621
698710712454139905,2448,676
698703483621523456,1436,376
698635131305795584,1287,337
698549713696649216,2303,621
698355670425473025,1840,443
698342080612007937,2253,949
698262614669991936,4717,1985
698195409219559425,16636,5932
698178924120031232,2786,734
697995514407682048,1504,330
697990423684476929,3261,1289
697943111201378304,2366,671
697881462549430272,2988,1168
697630435728322560,1731,538
697616773278015490,3139,1005
697596423848730625,2992,1255
697575480820686848,2026,496
697516214579523584,2043,1106
697482927769255936,2397,670
697463031882764288,3392,1390
697270446429966336,4660,1860
697259378236399616,3279,997
697255105972801536,3019,1154
697242256848379904,2496,664
696900204696625153,3149,1013
696894894812565505,2333,674
696886256886657024,4815,1788
696877980375769088,2419,705
696754882863349760,1472,359
696744641916489729,2046,931
696713835009417216,2357,648
696518437233913856,3879,1700
696490539101908992,1205,141
696488710901260288,2504,1011
696405997980676096,3182,1148
696100768806522880,1917,648
695816827381944320,2995,1152
695794761660297217,3141,758
695767669421768709,1845,739
695629776980148225,4529,2076
695446424020918272,4361,1797
695409464418041856,8595,3546
695314793360662529,3602,1442
695095422348574720,2619,611
695074328191332352,2815,1087
695064344191721472,1590,587
695051054296211456,2644,784
694925794720792577,2676,913
694905863685980160,2725,932
694669722378485760,35538,14273
694356675654983680,1489,285
694352839993344000,2019,613
694342028726001664,1566,481
694329668942569472,1992,497
694206574471057408,4128,2023
694183373896572928,2926,919
694001791655137281,3383,1019
693993230313091072,1860,398
693942351086120961,1734,367
693647888581312512,2667,580
693644216740769793,1336,122
693642232151285760,2516,407
693629975228977152,2419,787
693622659251335168,1526,371
693590843962331137,5017,1942
693582294167244802,1633,249
693486665285931008,1763,633
693280720173801472,3326,1225
693267061318012928,2357,807
693262851218264065,2197,494
693231807727280129,2849,730
693155686491000832,7822,3187
693109034023534592,1698,607
693095443459342336,1841,456
692919143163629568,2659,745
692905862751522816,2408,858
692901601640583168,1750,598
692894228850999298,2249,796
692828166163931137,2848,875
692752401762250755,6770,3615
692568918515392513,4330,1521
692535307825213440,3146,1352
692530551048294401,1815,410
692423280028966913,1471,225
692417313023332352,9292,3442
692187005137076224,2515,814
692158366030913536,2134,782
692142790915014657,1639,392
692041934689402880,3387,1262
692017291282812928,2866,951
691820333922455552,3929,1645
691793053716221953,8068,4196
691756958957883396,2835,993
691675652215414786,1943,503
691483041324204033,2375,561
691459709405118465,4014,1133
691444869282295808,2634,844
691416866452082688,19167,7569
691321916024623104,2546,658
691096613310316544,2944,874
691090071332753408,1707,331
690989312272396288,5860,2845
690959652130045952,3553,1238
690938899477221376,4055,1937
690932576555528194,3259,1009
690735892932222976,3758,1260
690728923253055490,2161,512
690690673629138944,2317,812
690649993829576704,1294,278
690607260360429569,294,18
690597161306841088,1940,598
690400367696297985,1873,448
690374419777196032,3232,841
690360449368465409,2652,874
690348396616552449,1500,513
690248561355657216,1661,413
690021994562220032,2771,1022
690015576308211712,2475,727
690005060500217858,3636,1678
689999384604450816,1408,365
689993469801164801,1453,446
689977555533848577,1356,441
689905486972461056,2424,695
689877686181715968,3021,1154
689835978131935233,2158,742
689661964914655233,3202,924
689659372465688576,10309,3837
689623661272240129,2219,635
689599056876867584,11560,5481
689557536375177216,2030,453
689517482558820352,3377,1417
689289219123089408,2245,934
689283819090870273,3248,1094
689280876073582592,1967,704
689275259254616065,1138,242
689255633275777024,2536,1077
689154315265683456,3060,994
689143371370250240,2007,507
688916208532455424,2695,857
688908934925697024,2101,756
688898160958271489,2083,775
688894073864884227,2233,683
688828561667567616,1371,367
688804835492233216,959,191
688789766343622656,2204,656
688547210804498433,2581,691
688519176466644993,2302,721
688385280030670848,9217,4447
688211956440801280,2228,825
688179443353796608,2126,579
688116655151435777,2807,767
688064179421470721,1719,357
687841446767013888,5417,2494
687826841265172480,2732,1115
687818504314159109,2459,938
687807801670897665,2386,713
687732144991551489,1749,660
687704180304273409,2415,835
687664829264453632,1924,508
687494652870668288,1885,573
687480748861947905,1586,239
687476254459715584,1972,530
687460506001633280,2043,540
687399393394311168,1875,613
687317306314240000,20004,9101
687312378585812992,4328,1884
687127927494963200,5399,2248
687124485711986689,2157,500
687109925361856513,5754,2440
687102708889812993,2326,968
687096057537363968,2223,599
686947101016735744,8572,3168
686760001961103360,3490,1370
686749460672679938,3451,1445
686730991906516992,4110,1190
686683045143953408,2805,792
686618349602762752,3678,1354
686606069955735556,1877,540
686394059078897668,1729,684
686386521809772549,3234,872
686377065986265092,2196,562
686358356425093120,2169,663
686286779679375361,3976,1652
686050296934563840,2202,726
686035780142297088,1140,116
686034024800862208,3067,1136
686007916130873345,2471,408
686003207160610816,1815,620
685973236358713344,2083,519
685943807276412928,1620,588
685906723014619143,7454,2859
685681090388975616,2015,123
685667379192414208,2346,560
685663452032069632,3212,1445
685641971164143616,2914,773
685547936038666240,32697,15502
685532292383666176,3014,1147
685325112850124800,9387,3940
685321586178670592,2636,632
685315239903100929,3286,1033
685307451701334016,2058,439
685268753634967552,3078,1192
685198997565345792,2331,666
685169283572338688,4083,1419
684969860808454144,2373,367
684959798585110529,6783,3098
684940049151070208,3191,1040
684926975086034944,3469,457
684914660081053696,3491,1439
684902183876321280,1861,522
684880619965411328,2077,802
684830982659280897,34773,21490
684800227459624960,2723,993
684594889858887680,8841,3474
684588130326986752,4094,1403
684567543613382656,2996,1204
684538444857667585,2632,943
684481074559381504,3859,1160
684460069371654144,1966,557
684241637099323392,8080,3252
684225744407494656,1219,207
684222868335505415,3793,1358
684200372118904832,2140,1024
684195085588783105,1898,507
684188786104872960,3472,1162
684177701129875456,1999,657
684147889187209216,2963,1506
684122891630342144,1996,464
684097758874210310,4084,1419
683857920510050305,3779,1115
683852578183077888,1924,341
683849932751646720,2592,956
683834909291606017,2602,1102
683828599284170753,2774,1056
683773439333797890,3326,1337
683742671509258241,6424,3271
683515932363329536,7278,2873
683498322573824003,3155,957
683481228088049664,2636,991
683462770029932544,2407,668
683449695444799489,3861,1596
683391852557561860,7564,2382
683357973142474752,2879,908
683142553609318400,2848,1037
683111407806746624,3379,904
683098815881154561,2144,653
683078886620553216,1979,559
683030066213818368,2151,732
682962037429899265,36528,16422
682808988178739200,1764,167
682788441537560576,2456,1100
682750546109968385,1506,433
682697186228989953,1312,356
682662431982772225,3040,1073
682638830361513985,2056,594
682429480204398592,3415,1144
682406705142087680,7495,1754
682393905736888321,2220,665
682389078323662849,1645,456
682303737705140231,3035,962
682259524040966145,4113,1195
682242692827447297,3223,1152
682088079302213632,18083,9780
682059653698686977,4900,1665
682047327939461121,3168,923
682032003584274432,6519,1985
682003177596559360,3102,1511
681981167097122816,2788,1023
681891461017812993,2456,809
681694085539872773,12693,4020
681679526984871937,1761,434
681654059175129088,2619,913
681610798867845120,1885,460
681579835668455424,3524,1284
681523177663676416,14177,5704
681340665377193984,1634,275
681339448655802368,9200,4047
681320187870711809,2623,734
681302363064414209,3902,1801
681297372102656000,3183,944
681281657291280384,3204,1088
681261549936340994,1446,266
681242418453299201,1473,524
681231109724700672,2389,479
681193455364796417,3675,1464
680970795137544192,2403,648
680959110691590145,4546,1986
680940246314430465,3177,1045
680934982542561280,2068,430
680913438424612864,2382,617
680889648562991104,1748,360
680836378243002368,3428,1305
680805554198020098,2133,659
680801747103793152,2363,810
680798457301471234,2822,1022
680609293079592961,2608,691
680583894916304897,3590,1322
680497766108381184,4199,1893
680494726643068929,1704,481
680473011644985345,2522,735
680440374763077632,1431,494
680221482581123072,1457,290
680206703334408192,2809,1152
680191257256136705,2125,496
680176173301628928,3868,1533
680161097740095489,2303,726
680145970311643136,3569,1720
680130881361686529,2269,932
680115823365742593,2687,897
680100725817409536,3535,1358
680085611152338944,12698,8893
680070545539371008,2557,852
679877062409191424,1971,642
679872969355714560,2168,654
679862121895714818,2433,611
679854723806179328,2826,1214
679844490799091713,2341,752
679828447187857408,35880,13852
679777920601223168,3061,1087
679736210798047232,2076,780
679729593985699840,2148,815
679722016581222400,1643,460
679530280114372609,4749,2060
679527802031484928,2616,713
679511351870550016,3326,1250
679503373272485890,3134,1445
679475951516934144,2069,629
679462823135686656,31181,18545
679405845277462528,2341,1190
679158373988876288,21021,7924
679148763231985668,2743,1015
679132435750195208,2939,1141
679111216690831360,5887,2541
679062614270468097,16730,7952
679047485189439488,2219,657
679001094530465792,2788,1202
678991772295516161,2267,1139
678969228704284672,1626,452
678800283649069056,2528,886
678798276842360832,3411,1144
678774928607469569,2775,890
678767140346941444,3481,1338
678764513869611008,1609,468
678755239630127104,7006,3223
678740035362037760,3707,1652
678708137298427904,5519,2383
678675843183484930,2818,1434
678643457146150913,2020,401
678446151570427904,3939,1517
678424312106393600,5395,2497
678410210315247616,4149,1773
678399652199309312,78053,31214
678396796259975168,1570,407
678389028614488064,1846,416
678380236862578688,2398,895
678341075375947776,1706,527
678334497360859136,1286,249
678278586130948096,11245,5977
678255464182861824,1566,357
678023323247357953,1884,375
678021115718029313,13402,6214
677961670166224897,3365,1658
677918531514703872,1319,397
677895101218201600,4749,2031
677716515794329600,3003,965
677700003327029250,3326,1417
677698403548192770,1210,312
677687604918272002,2451,832
677673981332312066,3276,1469
677662372920729601,1916,934
677644091929329666,1819,783
677573743309385728,2092,690
677565715327688705,1275,454
677557565589463040,2402,1127
677547928504967168,6818,3597
677530072887205888,1047,223
677335745548390400,2985,1742
677334615166730240,1319,280
677331501395156992,1066,233
677328882937298944,3573,1474
677314812125323265,1613,521
677301033169788928,1214,394
677269281705472000,1942,695
677228873407442944,3478,1607
677187300187611136,2689,900
676957860086095872,2194,797
676949632774234114,1278,387
676948236477857792,2118,847
676946864479084545,1694,361
676942428000112642,2028,733
676936541936185344,12451,4808
676916996760600576,2920,1773
676897532954456065,2202,709
676864501615042560,2054,693
676821958043033607,22436,15214
676819651066732545,1781,648
676811746707918848,1392,414
676776431406465024,4890,1979
676617503762681856,2822,937
676613908052996102,1058,197
676606785097199616,1849,422
676603393314578432,1136,374
676593408224403456,4455,2114
676590572941893632,898,119
676588346097852417,2262,761
676582956622721024,1166,267
676575501977128964,2518,1094
676533798876651520,1826,541
676496375194980353,1487,520
676470639084101634,11326,4563
676440007570247681,1680,645
676430933382295552,1364,336
676263575653122048,2032,528
676237365392908289,1181,281
676219687039057920,74610,30281
676215927814406144,1694,560
676191832485810177,2228,1005
676146341966438401,1869,645
676121918416756736,2114,1130
676101918813499392,2757,1137
676098748976615425,2929,1380
676089483918516224,1278,427
675898130735476737,1571,558
675891555769696257,2070,832
675888385639251968,2317,932
675878199931371520,4075,1363
675870721063669760,1584,550
675853064436391936,2620,1255
675849018447167488,917,139
675845657354215424,2212,853
675822767435051008,1480,520
675820929667219457,1018,230
675798442703122432,9983,3316
675781562965868544,1586,453
675740360753160193,1134,331
675710890956750848,1834,791
675707330206547968,1921,663
675706639471788032,625,92
675534494439489536,1780,400
675531475945709568,1154,370
675522403582218240,1012,279
675517828909424640,1254,451
675501075957489664,16686,5659
675497103322386432,3044,1252
675489971617296384,1256,576
675483430902214656,1791,950
675432746517426176,1474,551
675372240448454658,1639,500
675362609739206656,1021,224
675354435921575936,31551,16239
675349384339542016,3796,2196
675334060156301312,2676,1245
675166823650848770,3460,1535
675153376133427200,6057,2493
675149409102012420,3636,1629
675147105808306176,914,225
675146535592706048,1146,288
675145476954566656,2066,866
675135153782571009,1266,466
675113801096802304,1887,758
675111688094527488,929,243
675109292475830276,2710,1096
675047298674663426,1036,310
675015141583413248,2620,1145
675006312288268288,950,214
675003128568291329,1515,449
674999807681908736,2170,1067
674805413498527744,834,343
674800520222154752,2916,823
674793399141146624,2429,1049
674790488185167872,1070,242
674788554665512960,789,202
674781762103414784,1943,1153
674774481756377088,1077,452
674767892831932416,1767,753
674764817387900928,768,229
674754018082705410,1325,428
674752233200820224,1419,448
674743008475090944,1352,530
674742531037511680,469,49
674739953134403584,1063,375
674737130913071104,625,85
674690135443775488,1108,456
674670581682434048,1553,623
674664755118911488,884,239
674646392044941312,1387,474
674644256330530816,998,260
674638615994089473,1633,560
674632714662858753,1454,554
674606911342424069,906,95
674468880899788800,6011,1955
674447403907457024,1026,345
674436901579923456,1076,374
674422304705744896,1381,523
674416750885273600,666,131
674410619106390016,1159,442
674394782723014656,1463,551
674372068062928900,826,304
674330906434379776,544,72
674318007229923329,1363,503
674307341513269249,10953,6699
674291837063053312,14175,5636
674271431610523648,1515,706
674269164442398721,881,221
674265582246694913,1580,807
674262580978937856,1262,434
674255168825880576,1411,523
674082852460433408,735,163
674075285688614912,956,273
674063288070742018,6150,2109
674053186244734976,3178,1244
674051556661161984,1399,471
674045139690631169,1356,614
674042553264685056,694,121
674038233588723717,1067,401
674036086168010753,821,200
674024893172875264,1710,1176
674019345211760640,1086,292
674014384960745472,1503,609
674008982932058114,1152,340
673956914389192708,1885,916
673919437611909120,1126,355
673906403526995968,3056,1562
673887867907739649,906,244
673716320723169284,2970,718
673715861853720576,3403,1977
673711475735838725,1002,286
673709992831262724,804,261
673708611235921920,1034,275
673707060090052608,1058,377
673705679337693185,1214,393
673700254269775872,1375,544
673697980713705472,3816,1888
673689733134946305,1673,618
673688752737402881,1216,474
673686845050527744,1384,415
673680198160809984,1317,447
673662677122719744,1209,352
673656262056419329,692,228
673636718965334016,1060,346
673612854080196609,1541,689
673583129559498752,1147,344
673580926094458881,800,263
673576835670777856,1334,541
673363615379013632,986,291
673359818736984064,1395,644
673355879178194945,1448,551
673352124999274496,1602,518
673350198937153538,723,199
673345638550134785,2414,1208
673343217010679808,931,258
673342308415348736,1224,550
673320132811366400,12922,7531
673317986296586240,847,244
673295268553605120,7224,3041
673270968295534593,1035,347
673240798075449344,1366,691
673213039743795200,2160,804
673148804208660480,1627,602
672997845381865473,1893,679
672995267319328768,913,273
672988786805112832,951,275
672984142909456390,1213,518
672980819271634944,1750,968
672975131468300288,1612,862
672970152493887488,914,341
672968025906282496,1275,518
672964561327235073,1372,615
672902681409806336,1315,474
672898206762672129,873,403
672884426393653248,1485,806
672877615439593473,993,336
672834301050937345,1262,539
672828477930868736,1208,466
672640509974827008,942,302
672622327801233409,1242,465
672614745925664768,1181,555
672609152938721280,1069,373
672604026190569472,1066,383
672594978741354496,1285,587
672591762242805761,918,323
672591271085670400,694,177
672538107540070400,991,346
672523490734551040,607,160
672488522314567680,1065,415
672482722825261057,1082,569
672481316919734272,691,123
672475084225949696,1392,672
672466075045466113,1305,509
672272411274932228,6197,3211
672267570918129665,1434,591
672264251789176834,1092,324
672256522047614977,2710,1468
672254177670729728,1381,707
672248013293752320,1669,572
672245253877968896,659,147
672239279297454080,860,308
672231046314901505,1754,963
672222792075620352,757,203
672205392827572224,2171,1099
672169685991993344,980,352
672160042234327040,841,341
672139350159835138,1669,660
672125275208069120,2287,1091
672095186491711488,965,353
672082170312290304,907,348
672068090318987265,1242,492
671896809300709376,8154,3989
671891728106971137,1263,546
671882082306625538,3318,1325
671879137494245376,1354,637
671874878652489728,1202,525
671866342182637568,1074,471
671855973984772097,867,418
671789708968640512,6769,3311
671768281401958400,1150,475
671763349865160704,1603,864
671744970634719232,1295,723
671743150407421952,722,227
671735591348891648,1388,723
671729906628341761,8156,4153
671561002136281088,12257,6906
671550332464455680,871,201
671547767500775424,1295,564
671544874165002241,1884,1002
671542985629241344,1048,538
671538301157904385,895,369
671536543010570240,1119,386
671533943490011136,982,551
671528761649688577,810,248
671520732782923777,1338,504
671518598289059840,912,283
671511350426865664,1531,672
671504605491109889,6700,3395
671497587707535361,883,427
671488513339211776,961,454
671486386088865792,556,186
671485057807351808,731,223
671390180817915904,1384,711
671362598324076544,1062,286
671357843010908160,385,147
671355857343524864,467,113
671347597085433856,920,410
671186162933985280,703,200
671182547775299584,1074,321
671166507850801152,840,330
671163268581498880,1580,1046
671159727754231808,356,76
671154572044468225,684,208
671151324042559489,641,143
671147085991960577,642,204
671141549288370177,1107,625
671138694582165504,887,380
671134062904504320,715,184
671122204919246848,3350,2397
671115716440031232,1306,744
671109016219725825,1101,418
670995969505435648,1064,280
670842764863651840,23659,8287
670840546554966016,563,185
670838202509447168,1068,661
670833812859932673,423,116
670832455012716544,704,206
670826280409919488,5290,3873
670823764196741120,744,178
670822709593571328,582,91
670815497391357952,3043,1468
670811965569282048,1083,257
670807719151067136,1120,465
670804601705242624,1880,913
670803562457407488,330,84
670797304698376195,709,225
670792680469889025,791,260
670789397210615808,635,224
670786190031921152,575,193
670783437142401025,792,367
670782429121134593,1493,732
670780561024270336,760,277
670778058496974848,319,70
670764103623966721,1038,400
670755717859713024,424,103
670733412878163972,919,491
670727704916926465,800,341
670717338665226240,1148,459
670704688707301377,746,355
670691627984359425,569,231
670679630144274432,722,269
670676092097810432,238,39
670668383499735048,10227,4767
670474236058800128,1450,706
670468609693655041,344,83
670465786746662913,931,518
670452855871037440,528,194
670449342516494336,1152,621
670444955656130560,6447,1888
670442337873600512,623,190
670435821946826752,1012,490
670434127938719744,1350,617
670433248821026816,318,106
670428280563085312,1327,589
670427002554466305,503,152
670421925039075328,1253,603
670420569653809152,595,301
670417414769758208,548,306
670411370698022913,1942,847
670408998013820928,535,209
670403879788544000,409,144
670385711116361728,543,193
670374371102445568,719,258
670361874861563904,316,62
670338931251150849,408,102
670319130621435904,3723,1159
670303360680108032,415,125
670290420111441920,671,270
670093938074779648,988,316
670086499208155136,671,243
670079681849372674,2126,1164
670073503555706880,1501,749
670069087419133954,596,225
670061506722140161,732,315
670055038660800512,639,312
670046952931721218,620,162
670040295598354432,723,105
670037189829525505,570,259
670003130994700288,318,86
669993076832759809,312,79
669972011175813120,425,149
669970042633789440,290,55
669942763794931712,485,151
669926384437997569,362,93
669923323644657664,225,53
669753178989142016,775,377
669749430875258880,253,63
669684865554620416,494,86
669683899023405056,372,102
669682095984410625,342,128
669680153564442624,644,268
669661792646373376,777,411
669625907762618368,3386,1721
669603084620980224,914,344
669597912108789760,494,142
669583744538451968,1430,878
669573570759163904,422,132
669571471778410496,1527,971
669567591774625800,226,53
669564461267722241,373,117
669393256313184256,346,70
669375718304980992,1272,692
669371483794317312,475,171
669367896104181761,440,143
669363888236994561,598,216
669359674819481600,355,114
669354382627049472,2584,1220
669353438988365824,602,247
669351434509529089,414,171
669328503091937280,975,398
669327207240699904,552,114
669324657376567296,481,198
669216679721873412,1147,387
669214165781868544,422,151
669203728096960512,966,447
669037058363662336,629,298
669015743032369152,713,357
669006782128353280,554,234
669000397445533696,20041,6072
668994913074286592,423,216
668992363537309700,719,323
668989615043424256,648,314
668988183816871936,867,439
668986018524233728,532,156
668981893510119424,516,287
668979806671884288,768,332
668975677807423489,1251,555
668967877119254528,139,21
668960084974809088,678,231
668955713004314625,266,67
668932921458302977,252,55
668902994700836864,307,97
668892474547511297,385,143
668872652652679168,508,288
668852170888998912,435,153
668826086256599040,420,128
668815180734689280,540,252
668779399630725120,679,350
668655139528511488,500,208
668645506898350081,841,506
668643542311546881,839,505
668641109086707712,1025,518
668636665813057536,997,468
668633411083464705,2681,1535
668631377374486528,677,302
668627278264475648,304,109
668625577880875008,367,122
668623201287675904,1364,716
668620235289837568,190,38
668614819948453888,591,304
668587383441514497,1594,1023
668567822092664832,233,50
668544745690562560,492,215
668542336805281792,435,201
668537837512433665,244,67
668528771708952576,445,212
668507509523615744,311,99
668496999348633600,391,124
668484198282485761,413,222
668480044826800133,438,140
668466899341221888,854,488
668297328638447616,601,282
668291999406125056,233,29
668286279830867968,483,130
668274247790391296,788,223
668268907921326080,533,222
668256321989451776,1236,570
668248472370458624,928,457
668237644992782336,5918,2701
668226093875376128,287,97
668221241640230912,496,187
668204964695683073,533,186
668190681446379520,619,191
668171859951755264,465,183
668154635664932864,478,295
668142349051129856,554,267
668113020489474048,645,224
667937095915278337,1198,756
667924896115245057,282,108
667915453470232577,199,53
667911425562669056,472,282
667902449697558528,821,360
667886921285246976,1788,1026
667885044254572545,783,449
667878741721415682,375,113
667873844930215936,600,384
667866724293877760,2892,979
667861340749471744,234,74
667832474953625600,284,59
667806454573760512,1012,467
667801013445750784,315,93
667793409583771648,674,312
667782464991965184,397,234
667773195014021121,225,52
667766675769573376,421,204
667728196545200128,364,143
667724302356258817,460,306
667550904950915073,0,33
667550882905632768,0,32
667549055577362432,5503,2137
667546741521195010,326,116
667544320556335104,820,499
667538891197542400,195,61
667534815156183040,782,495
667530908589760512,446,224
667524857454854144,1618,1060
667517642048163840,351,181
667509364010450944,6479,2016
667502640335572993,517,212
667495797102141441,500,252
667491009379606528,505,212
667470559035432960,244,90
667455448082227200,183,56
667453023279554560,297,84
667443425659232256,745,546
667437278097252352,427,225
667435689202614272,294,81
667405339315146752,446,213
667393430834667520,185,52
667369227918143488,349,153
667211855547486208,462,225
667200525029539841,583,247
667192066997374976,365,93
667188689915760640,712,378
667182792070062081,13611,5832
667177989038297088,183,51
667176164155375616,582,432
667174963120574464,233,74
667171260800061440,210,79
667165590075940865,2556,1065
667160273090932737,247,60
667152164079423490,45391,15997
667138269671505920,4349,2061
667119796878725120,317,123
667090893657276420,316,118
667073648344346624,378,112
667070482143944705,79,14
667065535570550784,160,42
667062181243039745,210,49
667044094246576128,175,46
667012601033924608,425,211
666996132027977728,230,84
666983947667116034,2418,924
666837028449972224,765,520
666835007768551424,200,76
666826780179869698,241,87
666817836334096384,488,236
666804364988780544,220,85
666786068205871104,715,456
666781792255496192,364,178
666776908487630848,330,161
666739327293083650,223,62
666701168228331520,406,204
666691418707132416,176,45
666649482315059201,1058,582
666644823164719104,221,76
666454714377183233,490,199
666447344410484738,98,18
666437273139982337,116,42
666435652385423360,158,47
666430724426358785,298,177
666428276349472768,156,77
666421158376562688,299,105
666418789513326592,115,42
666411507551481857,413,298
666407126856765440,100,32
666396247373291520,158,75
666373753744588802,174,83
666362758909284353,723,518
666353288456101888,198,66
666345417576210432,275,128
666337882303524864,181,83
666293911632134144,463,317
666287406224695296,136,60
666273097616637952,161,70
666268910803644416,96,32
666104133288665088,13589,5966
666102155909144576,70,11
666099513787052032,143,60
666094000022159362,154,66
666082916733198337,103,41
666073100786774016,297,146
666071193221509120,136,52
666063827256086533,448,197
666058600524156928,105,53
666057090499244032,268,124
666055525042405380,407,220
666051853826850816,1123,773
666050758794694657,124,51
666049248165822465,96,40
666044226329800704,271,131
666033412701032449,112,41
666029285002620928,121,42
666020888022790149,2404,460
